data,filename
"payngo://product/1","payngo---product-1.png"
"payngo://product/2","payngo---product-2.png"
"payngo://product/3","payngo---product-3.png"
"payngo://product/4","payngo---product-4.png"
"payngo://product/5","payngo---product-5.png"
"payngo://product/6","payngo---product-6.png"
"payngo://product/7","payngo---product-7.png"
"payngo://product/8","payngo---product-8.png"
"payngo://product/9","payngo---product-9.png"
"payngo://product/10","payngo---product-10.png"
"payngo://product/11","payngo---product-11.png"
"payngo://product/12","payngo---product-12.png"
"payngo://product/13","payngo---product-13.png"
"payngo://product/14","payngo---product-14.png"
"payngo://product/15","payngo---product-15.png"
"payngo://product/16","payngo---product-16.png"
"payngo://product/17","payngo---product-17.png"
"payngo://product/18","payngo---product-18.png"
"payngo://product/19","payngo---product-19.png"
"payngo://product/20","payngo---product-20.png"
"payngo://product/21","payngo---product-21.png"
"payngo://product/22","payngo---product-22.png"
"payngo://product/23","payngo---product-23.png"
"payngo://product/24","payngo---product-24.png"
"payngo://product/25","payngo---product-25.png"
"payngo://product/26","payngo---product-26.png"
"payngo://product/27","payngo---product-27.png"
"payngo://product/28","payngo---product-28.png"
"payngo://product/29","payngo---product-29.png"
"payngo://product/30","payngo---product-30.png"
"payngo://product/31","payngo---product-31.png"
"payngo://product/32","payngo---product-32.png"
"payngo://product/33","payngo---product-33.png"
"payngo://product/34","payngo---product-34.png"
"payngo://product/35","payngo---product-35.png"
"payngo://product/36","payngo---product-36.png"
"payngo://product/37","payngo---product-37.png"
"payngo://product/38","payngo---product-38.png"
"payngo://product/39","payngo---product-39.png"
"payngo://product/40","payngo---product-40.png"
"payngo://product/41","payngo---product-41.png"
"payngo://product/42","payngo---product-42.png"
"payngo://product/43","payngo---product-43.png"
"payngo://product/44","payngo---product-44.png"
"payngo://product/45","payngo---product-45.png"
"payngo://product/46","payngo---product-46.png"
"payngo://product/47","payngo---product-47.png"
"payngo://product/48","payngo---product-48.png"
"payngo://product/49","payngo---product-49.png"
"payngo://product/50","payngo---product-50.png"
"payngo://product/51","payngo---product-51.png"
"payngo://product/52","payngo---product-52.png"
"payngo://product/53","payngo---product-53.png"
"payngo://product/54","payngo---product-54.png"
"payngo://product/55","payngo---product-55.png"
"payngo://product/56","payngo---product-56.png"
"payngo://product/57","payngo---product-57.png"
"payngo://product/58","payngo---product-58.png"
"payngo://product/59","payngo---product-59.png"
"payngo://product/60","payngo---product-60.png"
"payngo://product/61","payngo---product-61.png"
"payngo://product/62","payngo---product-62.png"
"payngo://product/63","payngo---product-63.png"
"payngo://product/64","payngo---product-64.png"
"payngo://product/65","payngo---product-65.png"
"payngo://product/66","payngo---product-66.png"
"payngo://product/67","payngo---product-67.png"
"payngo://product/68","payngo---product-68.png"
"payngo://product/69","payngo---product-69.png"
"payngo://product/70","payngo---product-70.png"
"payngo://product/71","payngo---product-71.png"
"payngo://product/72","payngo---product-72.png"
"payngo://product/73","payngo---product-73.png"
"payngo://product/74","payngo---product-74.png"
"payngo://product/75","payngo---product-75.png"
"payngo://product/76","payngo---product-76.png"
"payngo://product/77","payngo---product-77.png"
"payngo://product/78","payngo---product-78.png"
"payngo://product/79","payngo---product-79.png"
"payngo://product/80","payngo---product-80.png"
"payngo://product/81","payngo---product-81.png"
"payngo://product/82","payngo---product-82.png"
"payngo://product/83","payngo---product-83.png"
"payngo://product/84","payngo---product-84.png"
"payngo://product/85","payngo---product-85.png"
"payngo://product/86","payngo---product-86.png"
"payngo://product/87","payngo---product-87.png"
"payngo://product/88","payngo---product-88.png"
"payngo://product/89","payngo---product-89.png"
"payngo://product/90","payngo---product-90.png"
"payngo://product/91","payngo---product-91.png"
"payngo://product/92","payngo---product-92.png"
"payngo://product/93","payngo---product-93.png"
"payngo://product/94","payngo---product-94.png"
"payngo://product/95","payngo---product-95.png"
"payngo://product/96","payngo---product-96.png"
"payngo://product/97","payngo---product-97.png"
"payngo://product/98","payngo---product-98.png"
"payngo://product/99","payngo---product-99.png"
"payngo://product/100","payngo---product-100.png"